{
    "key": "group_589e2ac16c1ef",
    "title": "Avis (CPT)",
    "fields": [
        {
            "return_format": "array",
            "library": "all",
            "min_size": "",
            "max_size": "",
            "mime_types": "",
            "key": "field_589e2acc85461",
            "label": "Nedlastbar fil",
            "name": "nedlastbar_fil",
            "type": "file",
            "instructions": "",
            "required": 0,
            "conditional_logic": 0,
            "wrapper": {
                "width": "",
                "class": "",
                "id": ""
            }
        }
    ],
    "location": [
        [
            {
                "param": "post_type",
                "operator": "==",
                "value": "avis"
            }
        ]
    ],
    "menu_order": 0,
    "position": "normal",
    "style": "seamless",
    "label_placement": "top",
    "instruction_placement": "label",
    "hide_on_screen": "",
    "active": 1,
    "description": "",
    "modified": 1487361572
}