{
    "key": "group_5895ccdb02391",
    "title": "Oversiktmal (mal)",
    "fields": [
        {
            "default_value": "",
            "maxlength": "",
            "placeholder": "",
            "prepend": "",
            "append": "",
            "key": "field_5895cd830294e",
            "label": "Alternativ overskrift",
            "name": "alternativ_overskrift",
            "type": "text",
            "instructions": "",
            "required": 0,
            "conditional_logic": 0,
            "wrapper": {
                "width": "",
                "class": "",
                "id": ""
            }
        },
        {
            "default_value": "",
            "maxlength": "",
            "placeholder": "",
            "prepend": "",
            "append": "",
            "key": "field_5895cd8d0294f",
            "label": "Underoverskrift",
            "name": "underoverskrift",
            "type": "text",
            "instructions": "",
            "required": 0,
            "conditional_logic": 0,
            "wrapper": {
                "width": "",
                "class": "",
                "id": ""
            }
        },
        {
            "sub_fields": [
                {
                    "post_type": [
                        "page",
                        "post"
                    ],
                    "taxonomy": [],
                    "allow_null": 0,
                    "multiple": 0,
                    "allow_archives": 1,
                    "key": "field_5895cce77bd6f",
                    "label": "Side",
                    "name": "side",
                    "type": "page_link",
                    "instructions": "",
                    "required": 0,
                    "conditional_logic": 0,
                    "wrapper": {
                        "width": "",
                        "class": "",
                        "id": ""
                    }
                },
                {
                    "default_value": "",
                    "maxlength": "",
                    "placeholder": "",
                    "prepend": "",
                    "append": "",
                    "key": "field_5895cceb7bd70",
                    "label": "Ikon",
                    "name": "ikon",
                    "type": "text",
                    "instructions": "http:\/\/fontawesome.io\/icons\/ (eks \".fa .fa-envelope\" uten sitatmerker)",
                    "required": 0,
                    "conditional_logic": 0,
                    "wrapper": {
                        "width": "",
                        "class": "",
                        "id": ""
                    }
                },
                {
                    "default_value": "",
                    "maxlength": "",
                    "placeholder": "",
                    "prepend": "",
                    "append": "",
                    "key": "field_5895ccee7bd71",
                    "label": "Tekst",
                    "name": "tekst",
                    "type": "text",
                    "instructions": "",
                    "required": 0,
                    "conditional_logic": 0,
                    "wrapper": {
                        "width": "",
                        "class": "",
                        "id": ""
                    }
                }
            ],
            "min": 0,
            "max": 0,
            "layout": "table",
            "button_label": "Legg til boks",
            "collapsed": "",
            "key": "field_5895cce07bd6e",
            "label": "Bokser",
            "name": "bokser",
            "type": "repeater",
            "instructions": "",
            "required": 0,
            "conditional_logic": 0,
            "wrapper": {
                "width": "",
                "class": "",
                "id": ""
            }
        }
    ],
    "location": [
        [
            {
                "param": "page_template",
                "operator": "==",
                "value": "templates\/oversiktmal.blade.php"
            }
        ]
    ],
    "menu_order": 0,
    "position": "normal",
    "style": "seamless",
    "label_placement": "top",
    "instruction_placement": "label",
    "hide_on_screen": "",
    "active": 1,
    "description": "",
    "modified": 1487361560
}