{
    "key": "group_5895bd8aa2594",
    "title": "Styret (Mal)",
    "fields": [
        {
            "sub_fields": [
                {
                    "return_format": "id",
                    "preview_size": "thumbnail",
                    "library": "all",
                    "min_width": "",
                    "min_height": "",
                    "min_size": "",
                    "max_width": "",
                    "max_height": "",
                    "max_size": "",
                    "mime_types": "",
                    "key": "field_5895bda5553d1",
                    "label": "Bilde",
                    "name": "bilde",
                    "type": "image",
                    "instructions": "",
                    "required": 0,
                    "conditional_logic": 0,
                    "wrapper": {
                        "width": "",
                        "class": "",
                        "id": ""
                    }
                },
                {
                    "default_value": "",
                    "maxlength": "",
                    "placeholder": "",
                    "prepend": "",
                    "append": "",
                    "key": "field_5895bdcb553d4",
                    "label": "Navn",
                    "name": "navn",
                    "type": "text",
                    "instructions": "",
                    "required": 0,
                    "conditional_logic": 0,
                    "wrapper": {
                        "width": "",
                        "class": "",
                        "id": ""
                    }
                },
                {
                    "default_value": "",
                    "maxlength": "",
                    "placeholder": "",
                    "prepend": "",
                    "append": "",
                    "key": "field_5895bdbc553d3",
                    "label": "Stilling",
                    "name": "stilling",
                    "type": "text",
                    "instructions": "(leder, netsleder, etc)",
                    "required": 0,
                    "conditional_logic": 0,
                    "wrapper": {
                        "width": "",
                        "class": "",
                        "id": ""
                    }
                },
                {
                    "default_value": "",
                    "placeholder": "",
                    "prepend": "",
                    "append": "",
                    "key": "field_5895bdb0553d2",
                    "label": "E-post",
                    "name": "e-post",
                    "type": "email",
                    "instructions": "",
                    "required": 0,
                    "conditional_logic": 0,
                    "wrapper": {
                        "width": "",
                        "class": "",
                        "id": ""
                    }
                },
                {
                    "tabs": "all",
                    "toolbar": "full",
                    "media_upload": 1,
                    "default_value": "",
                    "delay": 0,
                    "key": "field_5895bddc553d5",
                    "label": "Beskrivelse",
                    "name": "beskrivelse",
                    "type": "wysiwyg",
                    "instructions": "",
                    "required": 0,
                    "conditional_logic": 0,
                    "wrapper": {
                        "width": "",
                        "class": "",
                        "id": ""
                    }
                }
            ],
            "min": 0,
            "max": 0,
            "layout": "row",
            "button_label": "Legg til styremedlem",
            "collapsed": "",
            "key": "field_5895bd98553d0",
            "label": "Styremedlemmer",
            "name": "styremedlemmer",
            "type": "repeater",
            "instructions": "",
            "required": 0,
            "conditional_logic": 0,
            "wrapper": {
                "width": "",
                "class": "",
                "id": ""
            }
        }
    ],
    "location": [
        [
            {
                "param": "page_template",
                "operator": "==",
                "value": "templates\/styret.blade.php"
            }
        ]
    ],
    "menu_order": 0,
    "position": "normal",
    "style": "seamless",
    "label_placement": "top",
    "instruction_placement": "label",
    "hide_on_screen": [
        "the_content"
    ],
    "active": 1,
    "description": "",
    "modified": 1487361547
}