{
    "key": "group_589e3078d45dc",
    "title": "Media (Mal)",
    "fields": [
        {
            "sub_fields": [
                {
                    "default_value": "",
                    "maxlength": "",
                    "placeholder": "",
                    "prepend": "",
                    "append": "",
                    "key": "field_589e32760f554",
                    "label": "Overskrift",
                    "name": "overskrift",
                    "type": "text",
                    "instructions": "",
                    "required": 0,
                    "conditional_logic": 0,
                    "wrapper": {
                        "width": "",
                        "class": "",
                        "id": ""
                    }
                },
                {
                    "default_value": "",
                    "maxlength": "",
                    "placeholder": "",
                    "prepend": "",
                    "append": "",
                    "key": "field_589e30b50f552",
                    "label": "tittel",
                    "name": "tittel",
                    "type": "text",
                    "instructions": "om det er t, p, v, etc",
                    "required": 0,
                    "conditional_logic": 0,
                    "wrapper": {
                        "width": "",
                        "class": "",
                        "id": ""
                    }
                },
                {
                    "multiple": 0,
                    "allow_null": 0,
                    "choices": {
                        "avis": "Avis",
                        "podcast": "Podcast",
                        "radioteater": "Radioteater",
                        "video": "Video"
                    },
                    "default_value": [],
                    "ui": 0,
                    "ajax": 0,
                    "placeholder": "",
                    "return_format": "value",
                    "key": "field_589e30cd0f553",
                    "label": "Post Type",
                    "name": "post_type",
                    "type": "select",
                    "instructions": "",
                    "required": 0,
                    "conditional_logic": 0,
                    "wrapper": {
                        "width": "",
                        "class": "",
                        "id": ""
                    }
                },
                {
                    "tabs": "all",
                    "toolbar": "basic",
                    "media_upload": 1,
                    "default_value": "",
                    "delay": 0,
                    "key": "field_58a86ace77f02",
                    "label": "Tekst",
                    "name": "tekst",
                    "type": "wysiwyg",
                    "instructions": "",
                    "required": 0,
                    "conditional_logic": 0,
                    "wrapper": {
                        "width": "100%",
                        "class": "",
                        "id": ""
                    }
                }
            ],
            "min": 0,
            "max": 0,
            "layout": "block",
            "button_label": "",
            "collapsed": "",
            "key": "field_589e30970f551",
            "label": "Typer",
            "name": "typer",
            "type": "repeater",
            "instructions": "",
            "required": 0,
            "conditional_logic": 0,
            "wrapper": {
                "width": "",
                "class": "",
                "id": ""
            }
        }
    ],
    "location": [
        [
            {
                "param": "page_template",
                "operator": "==",
                "value": "templates\/avismal.blade.php"
            }
        ]
    ],
    "menu_order": 0,
    "position": "normal",
    "style": "seamless",
    "label_placement": "top",
    "instruction_placement": "label",
    "hide_on_screen": "",
    "active": 1,
    "description": "",
    "modified": 1487432430
}